Title;Date;Type;Thumbnail
IEEEXtreme 9.0;Oct 2015;Competition <br /> Local Organisers;ieee_xtreme_9.jpeg
COSMOTE;Aug 2016;Industrial Visit <br /> Organizers;cosmote_visit.jpeg
IEEEXtreme 10.0;Oct 2016;Competition <br /> Local Organisers;ieee_xtreme_10.jpeg
How to build a desktop PC;Mar 2017;Workshop <br /> Organisers;how_to_build_desktop_pc.jpeg
IEEE Day;Oct 2017;Event <br /> Local Organisers;ieee_day_2017.jpeg
IEEEXtreme 11.0;Oct 2017;Competition <br /> Local Organisers;ieee_xtreme_11.jpeg
4th IEEE Hellenic SYP Congress;Nov 2017;Congress <br /> Participants;ieee_hsyp_2017.jpeg
AUTh IoT BB School;Nov 2017;Congress <br /> Participants;auth_iot_bb_2017.jpeg
Explore the World of IEEE;Dec 2017;Event <br /> Organisers;explore_the_world_of_ieee.jpeg
The way to 5G Networks;Jan 2018;Lecture <br /> Organisers;opening_the_way_to_5g.jpeg
IEEE Women in Engineering Student Affinity Group;Mar 2018;OU Foundation;ieee_wie.jpeg
F1 in Schools;Apr 2018;Competition <br /> Volunteers;f1_for_schools_2018.jpeg
Blockchain Technologies;Apr 2018;Lecture <br /> Organisers;blockchain_2018.jpeg
AUTh MOCAST;May 2018;Congress <br /> Participants;auth_mocast_2018.jpeg
Arduino Day;May 2018;Event <br /> Local Organisers;arduino_day_2018.jpeg
IEEE Robotics and Automation Society Student Chapter;Jun 2018;OU Foundation;ieee_ras.jpeg
IEEE Region 8 SYP Congress 2018;Jul 2018;Congress <br /> Participants and Speakers;ieee_r8_syp_2018.jpeg
HERMES Team;Aug 2018;Cross-Student Branch Project Foundation;hermes.jpeg
4th Ser-expo;Sep 2018;Expo <br /> Exhibitors;serexpo_2018.jpeg
IEEE ComSoc Student Competition;Oct 2018;Competition <br /> Participants;ieee_comsoc.jpeg
IEEE Day;Oct 2018;Event <br /> Local Organisers;ieee_day_2018.jpeg
IEEEXtreme 12.0;Oct 2018;Competition <br /> Local Organisers;ieee_xtreme_12.jpeg
UoM Robotics Academy - Serres;Dec 2018;Event <br /> Organisers;uom_robotics_ras_teicm.jpeg
IEEE Region 8 Student Paper Contest;Dec 2018;Competition <br /> Participants;
IEEE MadC;Dec 2018;Competition <br /> Participants;ieee_madc_2018.jpeg
Google HashCode;Feb 2019;Competition <br /> Local Organisers;google_hashcode.jpeg
Arduino Day;Mar 2019;Event <br /> Local Co-Organisers;arduino_day_2019.jpeg
IEEE Recruitment Day;Apr 2019;Event <br /> Organisers;
Intoduction to Java 11;Apr 2019;Workshop <br /> Organisers;java_11.jpeg
SFHMMY 11;Apr 2019;Congress <br /> Participants and Exhibitors;sfhmmy_11.jpeg
Python vol. 1;May 2019;Workshop <br /> Organisers;python.jpeg
84th TIF;Sep 2019;Expo <br /> Exhibitors;84th_tif_helexpo_2019.jpeg
4th SEEDA-CECNSM;Sep 2019;Congress <br /> Participants and Paper Presenters;seeda_cecnsm_2019.jpeg
5th Ser-expo;Sep 2019;Expo <br /> Exhibitors;serexpo_2019.jpeg
IEEE Day;Oct 2019;Event <br /> Local Organisers;ieee_day_2019.jpeg
IEEEXtreme 13.0;Oct 2019;Competition <br /> Local Organisers;ieee_xtreme_13.jpeg
How I Learned to Stop Worrying about GPS;Oct 2019;Lecture <br /> Co-Organisers;how_i_learned_to_stop_worrying_about_gps.jpeg
5th IEEE Hellenic SYP Congress;Nov 2019;Congress <br /> Participants and Speakers;ieee_hsyp_2019.jpeg
IEEE Regional Student Branch Award;Nov 2019;Award <br /> Winners;ieee_region_exemplary_student_branch_award_2019.jpeg
Google HashCode;Feb 2020;Competition <br /> Local Organisers;google_hashcode.jpeg
IEEEXtreme Code Talks;Apr-May 2020;Competition Training <br /> Co-Organisers;ieee_xtreme_codetalk_2020.jpeg
3rd Summer Academy of Engineering; Sep 2020;Summer School <br /> Speakers;summer_academy_of_eng_serres.jpeg
IEEE Day;Oct 2020;Event <br /> Local Organisers;ieee_day_2020.jpeg
2nd IEEE Greece Section SBs Meetup;Dec 2020;Section Event <br /> Participants;ieee_gr_sb_meetup_2020.jpeg
Google HashCode;Feb 2021;Competition <br /> Local Organisers;google_hashcode.jpeg
4th Summer Academy of Engineering; Sep 2021;Summer School <br /> Speakers;summer_academy_of_eng_serres.jpeg
85th TIF;Sep 2021;Expo <br /> Exhibitors;85th_tif_helexpo_2021.jpeg
IEEEXtreme Code Talks;Sep 2021;Competition Training <br /> Co-Organisers;ieee_xtreme_codetalk_2021.jpeg
Innovation for Health;Nov 2021;Congress and Hackathon <br /> Co-Organisers;ieee_we_i4h.jpeg
6th IEEE Hellenic SYP Congress;Nov 2021;Congress <br /> Participants and Speakers;ieee_hsyp_2021.jpeg
Google HashCode;Feb 2022;Competition <br /> Local Organisers;google_hashcode.jpeg
IEEE Region 8 SYP Congress 2022;Aug 2022;Congress <br /> Participants;ieee_r8_syp_2022.jpeg
